{"cameraMode":{"drawMode":0,"name":"Shaded","section":"Shading Mode"},"sceneLighting":false,"audioPlay":false,"sceneViewState":{"showFog":false,"showMaterialUpdate":false,"showSkybox":false,"showFlares":false,"showImageEffects":false,"showParticleSystems":false},"in2DMode":false,"pivot":{"x":0.07153266668319702,"y":0.027974575757980348,"z":1.4074238538742066},"rotation":{"x":0.04059724882245064,"y":0.09906390309333801,"z":-0.004048447124660015,"w":0.9942517280578613},"size":2.9196982383728029,"orthographic":false}