{"cameraMode":{"drawMode":0,"name":"Shaded","section":"Shading Mode"},"sceneLighting":true,"audioPlay":false,"sceneViewState":{"showFog":false,"showMaterialUpdate":false,"showSkybox":true,"showFlares":false,"showImageEffects":false,"showParticleSystems":false},"in2DMode":false,"pivot":{"x":-0.070853590965271,"y":-5.983460426330566,"z":16.755374908447267},"rotation":{"x":0.19082137942314149,"y":0.004417510237544775,"z":-0.0008598199347034097,"w":0.9816175103187561},"size":21.175090789794923,"orthographic":false}