{"cameraMode":{"drawMode":0,"name":"Shaded","section":"Shading Mode"},"sceneLighting":false,"audioPlay":false,"sceneViewState":{"showFog":false,"showMaterialUpdate":false,"showSkybox":false,"showFlares":false,"showImageEffects":false,"showParticleSystems":false},"in2DMode":false,"pivot":{"x":-0.0001220703125,"y":0.005401611328125,"z":-0.0494999997317791},"rotation":{"x":-0.4099951982498169,"y":0.14478065073490144,"z":-0.06604812294244766,"w":-0.898137629032135},"size":0.07132833451032639,"orthographic":false}