{"cameraMode":{"drawMode":0,"name":"Shaded","section":"Shading Mode"},"sceneLighting":false,"audioPlay":false,"sceneViewState":{"showFog":false,"showMaterialUpdate":false,"showSkybox":false,"showFlares":false,"showImageEffects":false,"showParticleSystems":false},"in2DMode":false,"pivot":{"x":-0.11178944259881973,"y":0.0639953464269638,"z":1.6908109188079835},"rotation":{"x":0.0029972644988447429,"y":-0.041081346571445468,"z":-0.00012273585889488459,"w":-0.9991539120674133},"size":2.77032208442688,"orthographic":false}