{"cameraMode":{"drawMode":0,"name":"Shaded","section":"Shading Mode"},"sceneLighting":false,"audioPlay":false,"sceneViewState":{"showFog":false,"showMaterialUpdate":false,"showSkybox":false,"showFlares":false,"showImageEffects":false,"showParticleSystems":false},"in2DMode":false,"pivot":{"x":0.30000001192092898,"y":0.009999999776482582,"z":0.0},"rotation":{"x":-0.004748607520014048,"y":0.8886961340904236,"z":-0.45842301845550539,"w":-0.00914030708372593},"size":0.7000359296798706,"orthographic":false}